<?xml version="1.0" encoding="UTF-8"?>
<ed:vuelo
  xmlns:ed="http://www.edreams.com"
  xmlns:xsi="http://www.w3.org/2001/XMLSchema-instance"
  xsi:schemaLocation="
      http://www.edreams.com  vueloSchema_ns_de_complex.xsd
  ">
  <billete id="333545000012">
    <trayecto>
      <origen> ourense </origen>
      <destino did="MAD"> madrid </destino>
      <idayvuelta/>

      <!-- ida, vuelta e idayvuelta elementos opcionales pero al menos uno -->
    </trayecto>
    <fecha>
      <salida>2005-10-26</salida>
      <regreso>2005-10-30</regreso>
      <!--regreso puede no ser obligatorio -->
    </fecha>
    <pasajeros>
                <!-- adultos posee tipo abstracto: especificar cuál se instancia-->
      <adultos xsi:type="ed:estudiantes">
      	<estudiantes>2</estudiantes> 
      </adultos>
          
      <niños>1</niños>
    </pasajeros>
    <clase>turista</clase>
    <!-- turista barata, turista, business y primera posiles valores de una enumeración -->
  </billete>
</ed:vuelo>
